timestamp,level,message
2025-08-09 10:01:02.618078,INFO,Cache refreshed
2025-08-09 10:01:02.618102,INFO,File uploaded
2025-08-09 10:01:02.618104,INFO,Session started
2025-08-09 10:01:02.618105,ERROR,Payment gateway timeout
2025-08-09 10:01:02.618107,INFO,Cache refreshed
2025-08-09 10:01:02.618108,WARNING,Disk read error
2025-08-09 10:01:02.618110,INFO,User login successful
2025-08-09 10:01:02.618111,WARNING,Disk read error
2025-08-09 10:01:02.618113,INFO,File uploaded
2025-08-09 10:01:02.618114,INFO,User login successful
2025-08-09 10:01:02.618115,ERROR,Payment gateway timeout
2025-08-09 10:01:02.618117,INFO,Session started
2025-08-09 10:01:02.618118,INFO,Page loaded successfully
2025-08-09 10:01:02.618123,INFO,User login successful
2025-08-09 10:01:02.618124,INFO,User login successful
2025-08-09 10:01:02.618125,INFO,Session started
2025-08-09 10:01:02.618126,ERROR,Database connection failed
2025-08-09 10:01:02.618128,INFO,Cache refreshed
2025-08-09 10:01:02.618129,ERROR,Login from unknown IP 222.111.45.67
2025-08-09 10:01:02.618130,WARNING,Login from unknown IP 222.111.45.67
2025-08-09 10:01:02.618132,INFO,Cache refreshed
2025-08-09 10:01:02.618133,ERROR,Payment gateway timeout
2025-08-09 10:01:02.618134,INFO,Page loaded successfully
2025-08-09 10:01:02.618135,INFO,Page loaded successfully
2025-08-09 10:01:02.618137,INFO,File uploaded
2025-08-09 10:01:02.618138,INFO,Session started
2025-08-09 10:01:02.618139,INFO,User login successful
2025-08-09 10:01:02.618140,WARNING,Database connection failed
2025-08-09 10:01:02.618142,INFO,Cache refreshed
2025-08-09 10:01:02.618143,INFO,File uploaded
